{
  "memory_complexity": {
    "data_sizes": [100, 200, 400, 600, 730],
    "memory_kb": [0.851562, 1.63281, 3.19531, 4.75781, 5.77344]
  }
}
