{
  "time_complexity": {
    "data_sizes": [100, 200, 400, 600, 730],
    "training_times_ms": [0.017959, 0.018583, 0.02925, 0.04125, 0.047458],
    "prediction_times_ms": [0.002666, 0.003916, 0.007209, 0.010584, 0.032917]
  }
}
