blocks,data_size_mb,encryption_time_ms,decryption_time_ms,encryption_speed_kops,decryption_speed_kops,memory_mb,bytes_per_block,encryption_throughput_mbps,decryption_throughput_mbps
10000,0.153,2.036,1.984,4910.486737,5039.263421,0.305,32.0,628.542,645.026
50000,0.763,10.037,10.227,4981.4853140000005,4889.198538,1.526,32.0,637.63,625.817
100000,1.526,19.611,19.134,5099.103369,5226.378221,3.052,32.0,652.685,668.976
250000,3.815,47.799,47.264,5230.271489,5289.466028,7.629,32.0,669.475,677.052
500000,7.629,95.416,94.829,5240.183826,5272.650942,15.259,32.0,670.744,674.899
750000,11.444,256.344,237.029,2925.752683,3164.169785,22.888,32.0,374.496,405.014
1000000,15.259,189.981,188.814,5263.676173000001,5296.212785,30.518,32.0,673.751,677.915
