blocks,data_size_mb,encryption_time_ms,decryption_time_ms,encryption_speed_kops,decryption_speed_kops,memory_mb,bytes_per_block,encryption_throughput_mbps,decryption_throughput_mbps
10000,0.153,2.028,2.007,4931.574405,4982.146478000001,0.305,32.0,631.242,637.715
50000,0.763,9.667,9.557,5172.1685609999995,5231.904152,1.526,32.0,662.038,669.684
100000,1.526,19.799,19.124,5050.664478,5229.020372999999,3.052,32.0,646.485,669.315
250000,3.815,47.73,47.12,5237.7685010000005,5305.626249,7.629,32.0,670.434,679.12
500000,7.629,95.293,94.279,5246.975119,5303.396213000001,15.259,32.0,671.613,678.835
750000,11.444,142.22,142.081,5273.502916,5278.686791,22.888,32.0,675.008,675.672
1000000,15.259,190.563,189.814,5247.616443,5268.329176,30.518,32.0,671.695,674.346
